LocationDescription,YearMonth,DeliveredLitres,IssuedLitres,NetLitres
BULK137,2019-11,,60470,-60470
CHP-006,2019-11,,124868,-124868
CMND-001,2019-11,,7303,-7303
CON-074,2019-11,,200829,-200829
DB-269,2019-11,,374385,-374385
DB-270,2019-11,,446974,-446974
DB-338,2019-11,,8506,-8506
DB-MCCA-126,2019-11,,487468,-487468
Nitro+,2019-11,79016,2949414,-2870398
North Concentrator,2019-11,,14740,-14740
ST-264,2019-11,,792,-792
Stores LDV,2019-11,,42299,-42299
Ultra City,2019-11,,1834962,-1834962
BULK137,2019-12,,45168,-45168
CHP-006,2019-12,,115073,-115073
CMND-001,2019-12,,159110,-159110
CON-074,2019-12,,130805,-130805
DB-269,2019-12,,295706,-295706
DB-270,2019-12,,481417,-481417
DB-338,2019-12,,98641,-98641
DB-MCCA-126,2019-12,,112166,-112166
Nitro+,2019-12,2837359,2814295,23065
North Concentrator,2019-12,,16003,-16003
ST-264,2019-12,,2114,-2114
Stores LDV,2019-12,,41272,-41272
Ultra City,2019-12,268809,1979249,-1710440
BULK137,2020-01,,60027,-60027
CHP-006,2020-01,,116696,-116696
CMND-001,2020-01,,237356,-237356
CON-074,2020-01,,132651,-132651
DB HIBS JV,2020-01,,27390,-27390
DB-269,2020-01,,314948,-314948
DB-270,2020-01,,392940,-392940
DB-338,2020-01,,40392,-40392
DB-MCCA-126,2020-01,,195994,-195994
Nitro+,2020-01,2881160,2774240,106921
North Concentrator,2020-01,,13497,-13497
ST-264,2020-01,,1345,-1345
Stores LDV,2020-01,,49772,-49772
Ultra City,2020-01,,1870794,-1870794
BULK137,2020-02,,10211,-10211
CHP-006,2020-02,,84203,-84203
CMND-001,2020-02,,214741,-214741
CON-074,2020-02,,186316,-186316
DB HIBS JV,2020-02,,59486,-59486
DB-269,2020-02,,192297,-192297
DB-270,2020-02,,438308,-438308
DB-338,2020-02,,199801,-199801
DB-MCCA-126,2020-02,,282995,-282995
Nitro+,2020-02,3228940,2544761,684178
North Concentrator,2020-02,,15066,-15066
ST-264,2020-02,,1007,-1007
Stores LDV,2020-02,,39945,-39945
Ultra City,2020-02,1293356,1950318,-656962
BULK137,2020-03,,13243,-13243
CHP-006,2020-03,,65460,-65460
CMND-001,2020-03,,63445,-63445
CON-074,2020-03,,180505,-180505
DB HIBS JV,2020-03,,55785,-55785
DB-269,2020-03,,280054,-280054
DB-270,2020-03,,240199,-240199
DB-338,2020-03,,361706,-361706
DB-MCCA-126,2020-03,,277365,-277365
Nitro+,2020-03,2954492,2795848,158644
North Concentrator,2020-03,,15914,-15914
ST-263,2020-03,,128,-128
ST-264,2020-03,,1093,-1093
ST-265,2020-03,,190,-190
Stores LDV,2020-03,,37500,-37500
Ultra City,2020-03,1287216,1742748,-455532
BULK137,2020-04,,14861,-14861
CMND-001,2020-04,,103728,-103728
CON-074,2020-04,,101882,-101882
DB HIBS JV,2020-04,,19007,-19007
DB-269,2020-04,,297827,-297827
DB-270,2020-04,,77886,-77886
DB-338,2020-04,,145756,-145756
Nitro+,2020-04,2135684,1922643,213041
North Concentrator,2020-04,,8443,-8443
ST-264,2020-04,,943,-943
ST-265,2020-04,,62,-62
Stores LDV,2020-04,,17847,-17847
Ultra City,2020-04,436803,878480,-441677
BULK137,2020-05,,36047,-36047
CHP-006,2020-05,,102008,-102008
CMND-001,2020-05,,36719,-36719
CON-074,2020-05,,118934,-118934
DB HIBS JV,2020-05,,72115,-72115
DB-269,2020-05,,314103,-314103
DB-270,2020-05,,124574,-124574
DB-338,2020-05,,420262,-420262
DB-MCCA-126,2020-05,,105233,-105233
Nitro+,2020-05,1730831,3173622,-1442791
North Concentrator,2020-05,,9502,-9502
ST-264,2020-05,,824,-824
ST-265,2020-05,,9535,-9535
Stores LDV,2020-05,,25271,-25271
Ultra City,2020-05,,1889258,-1889258
BULK137,2020-06,,55244,-55244
CHP-006,2020-06,,91416,-91416
CON-074,2020-06,,190110,-190110
DB HIBS JV,2020-06,,46621,-46621
DB-269,2020-06,,247897,-247897
DB-270,2020-06,,121114,-121114
DB-338,2020-06,,63361,-63361
DB-MCCA-126,2020-06,,398473,-398473
Nitro+,2020-06,,3780541,-3780541
North Concentrator,2020-06,,49691,-49691
ST Epiroc CADS 246,2020-06,,312,-312
ST-264,2020-06,,590,-590
ST-265,2020-06,,12601,-12601
Stores LDV,2020-06,,22045,-22045
Ultra City,2020-06,,2273827,-2273827
BULK137,2020-07,,38076,-38076
CHP-006,2020-07,,30812,-30812
CON-074,2020-07,,195868,-195868
DB HIBS JV,2020-07,,56409,-56409
DB-269,2020-07,,371266,-371266
DB-270,2020-07,,186553,-186553
DB-338,2020-07,,37555,-37555
DB-MCCA-126,2020-07,,430019,-430019
Nitro+,2020-07,,4117727,-4117727
North Concentrator,2020-07,,32311,-32311
ST Epiroc CADS 246,2020-07,,1748,-1748
ST-264,2020-07,,673,-673
ST-265,2020-07,,20009,-20009
Stores LDV,2020-07,,30890,-30890
Ultra City,2020-07,,2328610,-2328610
BULK137,2020-08,,44788,-44788
CHP-006,2020-08,,68396,-68396
CON-074,2020-08,,145904,-145904
DB HIBS JV,2020-08,,84557,-84557
DB-269,2020-08,,284035,-284035
DB-270,2020-08,,138287,-138287
DB-338,2020-08,,299664,-299664
DB-MCCA-126,2020-08,,354633,-354633
Nitro+,2020-08,,4266900,-4266900
North Concentrator,2020-08,,28381,-28381
ST Epiroc CADS 246,2020-08,,512,-512
ST-264,2020-08,,1613,-1613
ST-265,2020-08,,23705,-23705
Stores LDV,2020-08,,35572,-35572
Ultra City,2020-08,,2187162,-2187162
BULK137,2020-09,,53171,-53171
CHP-006,2020-09,,104843,-104843
CON-074,2020-09,,156277,-156277
DB HIBS JV,2020-09,,75607,-75607
DB-269,2020-09,,19017,-19017
DB-270,2020-09,,420627,-420627
DB-338,2020-09,,553122,-553122
DB-MCCA-126,2020-09,,397675,-397675
Nitro+,2020-09,,3955458,-3955458
North Concentrator,2020-09,,37942,-37942
ST Epiroc CADS 246,2020-09,,97,-97
ST-264,2020-09,,1560,-1560
ST-265,2020-09,,25299,-25299
Stores LDV,2020-09,,33381,-33381
Ultra City,2020-09,,2315633,-2315633
BULK137,2020-10,,55374,-55374
CHP-006,2020-10,,77799,-77799
CON-074,2020-10,,167704,-167704
DB HIBS JV,2020-10,,71417,-71417
DB-269,2020-10,,117884,-117884
DB-270,2020-10,,174590,-174590
DB-338,2020-10,,563998,-563998
DB-MCCA-126,2020-10,,355505,-355505
Nitro+,2020-10,2772216,4218476,-1446260
North Concentrator,2020-10,,24942,-24942
ST-264,2020-10,,1112,-1112
ST-265,2020-10,,35886,-35886
Stores LDV,2020-10,,39529,-39529
Ultra City,2020-10,1206395,2308303,-1101908
BULK137,2020-11,,58220,-58220
CHP-006,2020-11,,88609,-88609
CON-074,2020-11,,115183,-115183
DB HIBS JV,2020-11,,30489,-30489
DB-269,2020-11,,221262,-221262
DB-270,2020-11,,142345,-142345
DB-338,2020-11,,43401,-43401
DB-MCCA-126,2020-11,,376892,-376892
Nitro+,2020-11,3091126,3173484,-82358
North Concentrator,2020-11,,19409,-19409
ST-264,2020-11,,1099,-1099
ST-265,2020-11,,26891,-26891
Stores LDV,2020-11,,31054,-31054
Ultra City,2020-11,1872035,1702038,169997
BULK137,2020-12,,21404,-21404
CHP-006,2020-12,,109009,-109009
CON-074,2020-12,,77447,-77447
DB HIBS JV,2020-12,,103661,-103661
DB-269,2020-12,,284981,-284981
DB-270,2020-12,,158565,-158565
DB-338,2020-12,,38348,-38348
DB-MCCA-126,2020-12,,411902,-411902
Nitro+,2020-12,3821175,3843440,-22265
North Concentrator,2020-12,,21457,-21457
ST-264,2020-12,,684,-684
ST-265,2020-12,,26914,-26914
Stores LDV,2020-12,,36989,-36989
Ultra City,2020-12,1753726,1987192,-233466
BULK137,2021-01,,59660,-59660
CHP-006,2021-01,,43574,-43574
CON-074,2021-01,,113390,-113390
DB HIBS JV,2021-01,,76829,-76829
DB-270,2021-01,,164356,-164356
DB-338,2021-01,,330312,-330312
DB-MCCA-126,2021-01,,399755,-399755
Nitro+,2021-01,4042053,4021221,20831
North Concentrator,2021-01,,18986,-18986
ST-264,2021-01,,890,-890
ST-265,2021-01,,25418,-25418
Stores LDV,2021-01,,31104,-31104
Ultra City,2021-01,2294751,2052124,242627
BULK137,2021-02,,50277,-50277
CHP-006,2021-02,,19032,-19032
CMND-004,2021-02,,25342,-25342
CON-074,2021-02,,120295,-120295
DB HIBS JV,2021-02,,85630,-85630
DB-269,2021-02,,22,-22
DB-270,2021-02,,85835,-85835
DB-338,2021-02,,444920,-444920
DB-MCCA-126,2021-02,,327123,-327123
Nitro+,2021-02,3438386,3680207,-241821
North Concentrator,2021-02,,14209,-14209
ST-264,2021-02,,1522,-1522
ST-265,2021-02,,24727,-24727
Stores LDV,2021-02,,38016,-38016
Ultra City,2021-02,1599494,1836099,-236605
BULK137,2021-03,,44949,-44949
CHP-006,2021-03,,87830,-87830
CMND-004,2021-03,,352952,-352952
CON-074,2021-03,,142340,-142340
DB HIBS JV,2021-03,,116342,-116342
DB-269,2021-03,,14692,-14692
DB-270,2021-03,,123607,-123607
DB-338,2021-03,,433724,-433724
DB-MCCA-126,2021-03,,491347,-491347
Nitro+,2021-03,3831721,4314612,-482890
North Concentrator,2021-03,,22309,-22309
ST-264,2021-03,,1278,-1278
ST-265,2021-03,,33614,-33614
Stores LDV,2021-03,,45880,-45880
Ultra City,2021-03,2304161,2214476,89685
BULK137,2021-04,,49711,-49711
CHP-006,2021-04,,102532,-102532
CMND-004,2021-04,,267085,-267085
CON-074,2021-04,,109358,-109358
DB HIBS JV,2021-04,,120358,-120358
DB-269,2021-04,,86216,-86216
DB-270,2021-04,,13348,-13348
DB-338,2021-04,,392581,-392581
DB-MCCA-126,2021-04,,484400,-484400
Nitro+,2021-04,3766294,3685055,81239
North Concentrator,2021-04,,16262,-16262
ST-264,2021-04,,415,-415
ST-265,2021-04,,24705,-24705
Stores LDV,2021-04,,38666,-38666
Ultra City,2021-04,2373318,2149388,223930
BULK137,2021-05,,45788,-45788
CHP-006,2021-05,,86388,-86388
CMND-004,2021-05,,231284,-231284
CON-074,2021-05,,130720,-130720
DB HIBS JV,2021-05,,121570,-121570
DB-269,2021-05,,112369,-112369
DB-270,2021-05,,107757,-107757
DB-338,2021-05,,467594,-467594
DB-MCCA-100,2021-05,,177,-177
DB-MCCA-126,2021-05,,444863,-444863
Nitro+,2021-05,4262949,4004626,258323
North Concentrator,2021-05,,21015,-21015
ST-250,2021-05,,744,-744
ST-264,2021-05,,1,-1
ST-265,2021-05,,22689,-22689
Stores LDV,2021-05,,42604,-42604
Ultra City,2021-05,1976966,2168908,-191942
BULK137,2021-06,,59587,-59587
CHP-006,2021-06,,76250,-76250
CMND-004,2021-06,,397998,-397998
CON-074,2021-06,,72276,-72276
DB HIBS JV,2021-06,,134365,-134365
DB-269,2021-06,,103689,-103689
DB-270,2021-06,,106562,-106562
DB-338,2021-06,,403625,-403625
DB-MCCA-126,2021-06,,487711,-487711
Nitro+,2021-06,3828801,3500869,327932
North Concentrator,2021-06,,19786,-19786
ST-250,2021-06,,1341,-1341
ST-265,2021-06,,16918,-16918
Stores LDV,2021-06,,36216,-36216
Ultra City,2021-06,2224270,2188809,35461
BULK137,2021-07,,62742,-62742
CHP-006,2021-07,,80635,-80635
CMND-004,2021-07,,408931,-408931
CON-074,2021-07,,89073,-89073
DB HIBS JV,2021-07,,111771,-111771
DB-269,2021-07,,93927,-93927
DB-270,2021-07,,189392,-189392
DB-338,2021-07,,286731,-286731
DB-MCCA-126,2021-07,,363665,-363665
Nitro+,2021-07,1095471,4363154,-3267684
North Concentrator,2021-07,,17516,-17516
ST-250,2021-07,,1935,-1935
ST-265,2021-07,,22099,-22099
Stores LDV,2021-07,,37225,-37225
Ultra City,2021-07,662767,2344813,-1682046
BULK137,2021-08,,67714,-67714
CHP-006,2021-08,,55419,-55419
CMND-004,2021-08,,444149,-444149
CON-074,2021-08,,88766,-88766
DB HIBS JV,2021-08,,108854,-108854
DB-269,2021-08,,81996,-81996
DB-270,2021-08,,218065,-218065
DB-338,2021-08,,254414,-254414
DB-MCCA-100,2021-08,,3651,-3651
DB-MCCA-126,2021-08,,197410,-197410
Nitro+,2021-08,3953748,3963951,-10203
North Concentrator,2021-08,,19991,-19991
ST-250,2021-08,,920,-920
ST-265,2021-08,,20453,-20453
Stores LDV,2021-08,,38278,-38278
Ultra City,2021-08,1092022,2083608,-991586
BULK137,2021-09,,58201,-58201
CHP-006,2021-09,,41262,-41262
CMND-004,2021-09,,434242,-434242
CON-074,2021-09,,58371,-58371
DB HIBS JV,2021-09,,119559,-119559
DB-269,2021-09,,70551,-70551
DB-270,2021-09,,174737,-174737
DB-338,2021-09,,261314,-261314
DB-MCCA-126,2021-09,,347609,-347609
Nitro+,2021-09,1707897,3945857,-2237960
North Concentrator,2021-09,,17837,-17837
ST-250,2021-09,,19775,-19775
ST-265,2021-09,,6306,-6306
Stores LDV,2021-09,,42995,-42995
Ultra City,2021-09,1715972,2097806,-381834
BULK137,2021-10,,42411,-42411
CHP-006,2021-10,,119914,-119914
CMND-004,2021-10,,149490,-149490
CON-074,2021-10,,88330,-88330
DB HIBS JV,2021-10,,125849,-125849
DB-269,2021-10,,333068,-333068
DB-270,2021-10,,103906,-103906
DB-338,2021-10,0,139711,-139711
DB-MCCA-126,2021-10,,325021,-325021
Nitro+,2021-10,39269,4567939,-4528670
North Concentrator,2021-10,39000,21982,17018
ST-250,2021-10,,10623,-10623
Stores LDV,2021-10,,41998,-41998
Ultra City,2021-10,856670,2007581,-1150911
BULK137,2021-11,,36321,-36321
CHP-006,2021-11,,83239,-83239
CMND-004,2021-11,,254072,-254072
CON-074,2021-11,,56133,-56133
DB HIBS JV,2021-11,,120973,-120973
DB-269,2021-11,,257654,-257654
DB-270,2021-11,,215006,-215006
DB-338,2021-11,0,148328,-148328
DB-MCCA-100,2021-11,,474,-474
DB-MCCA-126,2021-11,,93289,-93289
Nitro+,2021-11,314002,3767887,-3453886
North Concentrator,2021-11,,20549,-20549
ST-250,2021-11,,18483,-18483
Stores LDV,2021-11,,45950,-45950
Ultra City,2021-11,624530,1892077,-1267547
BULK137,2021-12,,39290,-39290
CHP-006,2021-12,,59040,-59040
CMND-004,2021-12,,4301,-4301
CON-074,2021-12,,36863,-36863
DB CSK001,2021-12,,51397,-51397
DB HIBS JV,2021-12,,98759,-98759
DB Kamo Jou,2021-12,,272,-272
DB-269,2021-12,,324555,-324555
DB-338,2021-12,0,629220,-629220
DB-MCCA-100,2021-12,,4516,-4516
DB-MCCA-126,2021-12,,108122,-108122
Nitro+,2021-12,,4086732,-4086732
North Concentrator,2021-12,,20796,-20796
ST-250,2021-12,,22711,-22711
Stores LDV,2021-12,,38245,-38245
Ultra City,2021-12,818489,1965000,-1146511
BULK137,2022-01,,31963,-31963
CHP-006,2022-01,,6850,-6850
CON-074,2022-01,,36162,-36162
DB CSK001,2022-01,,313246,-313246
DB HIBS JV,2022-01,,139729,-139729
DB Kamo Jou,2022-01,,109485,-109485
DB-269,2022-01,,246534,-246534
DB-270,2022-01,,44459,-44459
DB-338,2022-01,,382974,-382974
DB-MCCA-126,2022-01,,51214,-51214
Nitro+,2022-01,,4070179,-4070179
North Concentrator,2022-01,,18244,-18244
ST-250,2022-01,,13595,-13595
Stores LDV,2022-01,,37022,-37022
Ultra City,2022-01,116992,1947486,-1830494
BULK137,2022-02,,58491,-58491
DB CSK001,2022-02,,396027,-396027
DB CSK001,2022-02,,1857,-1857
DB HIBS JV,2022-02,,139819,-139819
DB Kamo Jou,2022-02,,150780,-150780
DB-269,2022-02,,59393,-59393
DB-270,2022-02,,84768,-84768
DB-338,2022-02,,490657,-490657
DB-MCCA-126,2022-02,,65851,-65851
Nitro+,2022-02,,3638857,-3638857
North Concentrator,2022-02,,17030,-17030
ST-250,2022-02,,13268,-13268
Stores LDV,2022-02,,37762,-37762
Ultra City,2022-02,311847,1850134,-1538287
BULK137,2022-03,,1647,-1647
DB CSK001,2022-03,,840,-840
DB CSK001,2022-03,,380001,-380001
DB CSK002,2022-03,,171927,-171927
DB HIBS JV,2022-03,,125177,-125177
DB Kamo Jou,2022-03,,265609,-265609
DB-269,2022-03,,102907,-102907
DB-270,2022-03,,365468,-365468
DB-338,2022-03,,319094,-319094
DB-MCCA-126,2022-03,,88021,-88021
Nitro+,2022-03,,3856957,-3856957
North Concentrator,2022-03,,21292,-21292
ST-250,2022-03,,9807,-9807
Stores LDV,2022-03,,39726,-39726
Ultra City,2022-03,38870,2305495,-2266625
BULK137,2022-04,,2589,-2589
CON-074,2022-04,,72091,-72091
DB CSK001,2022-04,,193418,-193418
DB CSK002,2022-04,,270869,-270869
DB HIBS JV,2022-04,,117840,-117840
DB Kamo Jou,2022-04,,117670,-117670
DB-269,2022-04,,190723,-190723
DB-270,2022-04,,180699,-180699
DB-338,2022-04,,439340,-439340
DB-MCCA-126,2022-04,,63753,-63753
Nitro+,2022-04,,4014445,-4014445
North Concentrator,2022-04,,17414,-17414
ST-250,2022-04,,17841,-17841
Stores LDV,2022-04,,33543,-33543
Ultra City,2022-04,,2061959,-2061959
BULK137,2022-05,,18905,-18905
CON-074,2022-05,,79572,-79572
DB CSK001,2022-05,,205311,-205311
DB CSK002,2022-05,,357221,-357221
DB HIBS JV,2022-05,,110552,-110552
DB Kamo Jou,2022-05,,72321,-72321
DB-269,2022-05,,313232,-313232
DB-270,2022-05,,363204,-363204
DB-338,2022-05,,212685,-212685
DB-MCCA-126,2022-05,,150254,-150254
Nitro+,2022-05,,4268851,-4268851
North Concentrator,2022-05,,19042,-19042
ST-250,2022-05,,16262,-16262
Stores LDV,2022-05,,41054,-41054
Ultra City,2022-05,312069,2482639,-2170570
BULK137,2022-06,,12491,-12491
CON-074,2022-06,,88930,-88930
DB CSK001,2022-06,,3210,-3210
DB CSK001,2022-06,,428588,-428588
DB CSK002,2022-06,,281025,-281025
DB HIBS JV,2022-06,,122650,-122650
DB Kamo Jou,2022-06,,44809,-44809
DB-269,2022-06,,413727,-413727
DB-270,2022-06,,80571,-80571
DB-338,2022-06,,290113,-290113
DB-MCCA-126,2022-06,,103112,-103112
Nitro+,2022-06,,3893381,-3893381
North Concentrator,2022-06,,26368,-26368
ST-250,2022-06,,20871,-20871
Stores LDV,2022-06,,31379,-31379
Ultra City,2022-06,117601,2240438,-2122837
BULK137,2022-07,,47476,-47476
CON-074,2022-07,,79659,-79659
DB CSK001,2022-07,,30253,-30253
DB CSK001,2022-07,,679457,-679457
DB CSK002,2022-07,,241379,-241379
DB HIBS JV,2022-07,,100510,-100510
DB Kamo Jou,2022-07,,36879,-36879
DB-269,2022-07,,436122,-436122
DB-338,2022-07,,370425,-370425
DB-MCCA-126,2022-07,,93136,-93136
Nitro+,2022-07,,3821368,-3821368
North Concentrator,2022-07,,24334,-24334
ST-250,2022-07,,14016,-14016
Stores LDV,2022-07,,20377,-20377
Ultra City,2022-07,116797,2244752,-2127955
BULK137,2022-08,,10418,-10418
CON-074,2022-08,,82309,-82309
DB CSK001,2022-08,,551147,-551147
DB CSK001,2022-08,,22417,-22417
DB CSK002,2022-08,,8208120,-8208120
DB HIBS JV,2022-08,,68048,-68048
DB Kamo Jou,2022-08,,48994,-48994
DB-269,2022-08,,306539,-306539
DB-270,2022-08,,12733,-12733
DB-338,2022-08,,326125,-326125
DB-MCCA-126,2022-08,,91171,-91171
Nitro+,2022-08,,3190813,-3190813
North Concentrator,2022-08,,23893,-23893
ST-250,2022-08,,10390,-10390
Stores LDV,2022-08,,24031,-24031
Ultra City,2022-08,39136,1848746,-1809610
